class,baseline,horizon,context_len,mae_median,mae_iqr
burgers,persistence,96,512,3.2374446163885295e-05,1.3228095667727757e-05
burgers,tail_linear,96,512,1.3269927916402273e-05,5.41990240925659e-06
burgers,full_context_linear,96,512,0.003118397338095936,0.0011137152889523468
burgers,context_mean,96,512,0.0025409467052668333,0.0011012821341864765
burgers,ar5_ridge,96,512,0.00134521052404159,0.0003083436895534842
burgers,persistence,96,256,3.2374446163885295e-05,1.3228095667727757e-05
burgers,tail_linear,96,256,1.3269927916402273e-05,5.41990240925659e-06
burgers,full_context_linear,96,256,0.0003047306874032875,0.0001243990966656204
burgers,context_mean,96,256,0.00035925133852288127,0.00014672402176074684
burgers,ar5_ridge,96,256,0.0003407612742918105,0.00013926243870455567
burgers,persistence,96,128,3.2374446163885295e-05,1.3228095667727757e-05
burgers,tail_linear,96,128,1.3269927916402273e-05,5.41990240925659e-06
burgers,full_context_linear,96,128,7.387697936515639e-05,3.0175486191749934e-05
burgers,context_mean,96,128,0.00012386783782858402,5.0605782234924845e-05
burgers,ar5_ridge,96,128,0.0003906969923382405,8.295221407020608e-05
burgers,persistence,96,64,3.2374446163885295e-05,1.3228095667727757e-05
burgers,tail_linear,96,64,1.3269927916402273e-05,5.41990240925659e-06
burgers,full_context_linear,96,64,3.173921385608573e-05,1.2965546466749227e-05
burgers,context_mean,96,64,6.774676876375452e-05,2.7679519917001016e-05
burgers,ar5_ridge,96,64,0.000554487254969877,0.00010995129319113614
burgers,persistence,96,32,3.2374446163885295e-05,1.3228095667727757e-05
burgers,tail_linear,96,32,1.3269927916402273e-05,5.41990240925659e-06
burgers,full_context_linear,96,32,1.9419701303200677e-05,7.934113477255e-06
burgers,context_mean,96,32,4.788338264916092e-05,1.9564365175028797e-05
burgers,ar5_ridge,96,32,0.0008141967192717618,0.00018847205700936117
burgers,persistence,192,512,4.9768947064876556e-05,2.0155514903308358e-05
burgers,tail_linear,192,512,4.0380708300432943e-05,1.6350838624823642e-05
burgers,full_context_linear,192,512,0.00390712511476936,0.0014405611012053591
burgers,context_mean,192,512,0.0025295033119618893,0.0010978783830069005
burgers,ar5_ridge,192,512,0.0015015184421505142,0.000463427734570071
burgers,persistence,192,256,4.9768947064876556e-05,2.0155514903308358e-05
burgers,tail_linear,192,256,4.0380708300432943e-05,1.6350838624823642e-05
burgers,full_context_linear,192,256,0.0004649615311712601,0.00018813824626565042
burgers,context_mean,192,256,0.0003744629502762109,0.00015158408496063203
burgers,ar5_ridge,192,256,0.00046553548074988217,0.000178057722947453
burgers,persistence,192,128,4.9768947064876556e-05,2.0155514903308358e-05
burgers,tail_linear,192,128,4.0380708300432943e-05,1.6350838624823642e-05
burgers,full_context_linear,192,128,0.00013995538773364975,5.666146388392283e-05
burgers,context_mean,192,128,0.00014065142022445798,5.6954486353788525e-05
burgers,ar5_ridge,192,128,0.0005347968431178567,0.00010189551618063433
burgers,persistence,192,64,4.9768947064876556e-05,2.0155514903308358e-05
burgers,tail_linear,192,64,4.0380708300432943e-05,1.6350838624823642e-05
burgers,full_context_linear,192,64,7.320969460226782e-05,2.964310824766947e-05
burgers,context_mean,192,64,8.490472100675106e-05,3.4383023375994526e-05
burgers,ar5_ridge,192,64,0.0007359159816705117,0.0002236643890630583
burgers,persistence,192,32,4.9768947064876556e-05,2.0155514903308358e-05
burgers,tail_linear,192,32,4.0380708300432943e-05,1.6350838624823642e-05
burgers,full_context_linear,192,32,5.182076484462241e-05,2.0982529188325142e-05
burgers,context_mean,192,32,6.517412839457393e-05,2.6393610824015923e-05
burgers,ar5_ridge,192,32,0.001025358305290665,0.00030598959309189233
burgers,persistence,336,512,6.330014730338007e-05,2.540477544243913e-05
burgers,tail_linear,336,512,9.302723751996092e-05,3.732418324924755e-05
burgers,full_context_linear,336,512,0.0050923752523830395,0.0019353779114025162
burgers,context_mean,336,512,0.0025142026133835316,0.001093669910915196
burgers,ar5_ridge,336,512,0.0013719040600125073,0.000506005814426352
burgers,persistence,336,256,6.330014730338007e-05,2.540477544243913e-05
burgers,tail_linear,336,256,9.302723751996092e-05,3.732418324924755e-05
burgers,full_context_linear,336,256,0.0007160071764604678,0.00028712615604461794
burgers,context_mean,336,256,0.0003858276177197695,0.0001547809297335334
burgers,ar5_ridge,336,256,0.0005295846303001871,0.0002711576342699167
burgers,persistence,336,128,6.330014730338007e-05,2.540477544243913e-05
burgers,tail_linear,336,128,9.302723751996092e-05,3.732418324924755e-05
burgers,full_context_linear,336,128,0.00025058798163940684,0.0001005409749914477
burgers,context_mean,336,128,0.00015357640222646296,6.162961290101521e-05
burgers,ar5_ridge,336,128,0.0006811007157366196,0.0001876976536823472
burgers,persistence,336,64,6.330014730338007e-05,2.540477544243913e-05
burgers,tail_linear,336,64,9.302723751996092e-05,3.732418324924755e-05
burgers,full_context_linear,336,64,0.0001472033249822062,5.9067701694001754e-05
burgers,context_mean,336,64,9.820208651944995e-05,3.9410506360582076e-05
burgers,ar5_ridge,336,64,0.0008749368750220093,0.0002766398340091899
burgers,persistence,336,32,6.330014730338007e-05,2.540477544243913e-05
burgers,tail_linear,336,32,9.302723751996092e-05,3.732418324924755e-05
burgers,full_context_linear,336,32,0.00011231972085691704,4.507187881961273e-05
burgers,context_mean,336,32,7.860282494220883e-05,3.1545832825941034e-05
burgers,ar5_ridge,336,32,0.0010924967923959818,0.00017379856493088806
lorenz,persistence,96,512,5.904568789451756,2.342563885798655
lorenz,tail_linear,96,512,18.14567928202237,9.726284425797747
lorenz,full_context_linear,96,512,6.945382111366761,2.6571208688585397
lorenz,context_mean,96,512,6.768651491578746,1.959682586132887
lorenz,ar5_ridge,96,512,8.360712733914411,2.477659368790749
lorenz,persistence,96,256,5.904568789451756,2.342563885798655
lorenz,tail_linear,96,256,18.14567928202237,9.726284425797747
lorenz,full_context_linear,96,256,6.870667068875081,3.4199352442526596
lorenz,context_mean,96,256,7.462090571481559,2.4474107801568747
lorenz,ar5_ridge,96,256,8.059666668916586,2.5031960791798396
lorenz,persistence,96,128,5.904568789451756,2.342563885798655
lorenz,tail_linear,96,128,18.14567928202237,9.726284425797747
lorenz,full_context_linear,96,128,9.411535409318546,4.623246090988744
lorenz,context_mean,96,128,7.403701899786177,3.374314169145033
lorenz,ar5_ridge,96,128,7.790739505175129,3.1678288087789817
lorenz,persistence,96,64,5.904568789451756,2.342563885798655
lorenz,tail_linear,96,64,18.14567928202237,9.726284425797747
lorenz,full_context_linear,96,64,14.934125991110932,12.870115112305987
lorenz,context_mean,96,64,7.575425010618542,4.505168901889978
lorenz,ar5_ridge,96,64,9.024080162134721,35.74152220869328
lorenz,persistence,96,32,5.904568789451756,2.342563885798655
lorenz,tail_linear,96,32,18.14567928202237,9.726284425797747
lorenz,full_context_linear,96,32,19.60078871339727,6.386700837627693
lorenz,context_mean,96,32,6.47294295876144,2.5905395041914563
lorenz,ar5_ridge,96,32,241.92729340896355,9749.725712997923
lorenz,persistence,192,512,7.709607354439692,4.148294358786339
lorenz,tail_linear,192,512,30.50694059191877,24.519412463359153
lorenz,full_context_linear,192,512,7.344348263830723,2.74009407514672
lorenz,context_mean,192,512,7.036784674571792,1.4164237163029396
lorenz,ar5_ridge,192,512,10.548108907360703,1.459608047790713
lorenz,persistence,192,256,7.709607354439692,4.148294358786339
lorenz,tail_linear,192,256,30.50694059191877,24.519412463359153
lorenz,full_context_linear,192,256,8.25268397298132,2.104919496385415
lorenz,context_mean,192,256,6.659828210485816,2.3159471369964084
lorenz,ar5_ridge,192,256,9.700665770989417,2.3589047482014642
lorenz,persistence,192,128,7.709607354439692,4.148294358786339
lorenz,tail_linear,192,128,30.50694059191877,24.519412463359153
lorenz,full_context_linear,192,128,10.100367151583082,10.351469687913509
lorenz,context_mean,192,128,6.688171233939922,2.0613504031537895
lorenz,ar5_ridge,192,128,8.372434128151838,5.101756128495749
lorenz,persistence,192,64,7.709607354439692,4.148294358786339
lorenz,tail_linear,192,64,30.50694059191877,24.519412463359153
lorenz,full_context_linear,192,64,25.36112511033877,17.361401414655976
lorenz,context_mean,192,64,7.828158848756393,2.880240456262321
lorenz,ar5_ridge,192,64,9.971475858178588,344.4706165644113
lorenz,persistence,192,32,7.709607354439692,4.148294358786339
lorenz,tail_linear,192,32,30.50694059191877,24.519412463359153
lorenz,full_context_linear,192,32,33.38975394183114,13.524895131749755
lorenz,context_mean,192,32,7.77557465711651,4.9372633492417215
lorenz,ar5_ridge,192,32,496751.17353816575,5080451219.932624
lorenz,persistence,336,512,8.47616816813499,3.6387151655009236
lorenz,tail_linear,336,512,81.31353254597494,88.15529009403862
lorenz,full_context_linear,336,512,8.994203253905539,3.8214524141329136
lorenz,context_mean,336,512,7.121247890252212,1.076826467227976
lorenz,ar5_ridge,336,512,11.59240803695471,0.8070526842644199
lorenz,persistence,336,256,8.47616816813499,3.6387151655009236
lorenz,tail_linear,336,256,81.31353254597494,88.15529009403862
lorenz,full_context_linear,336,256,11.4949281613405,7.219033857521913
lorenz,context_mean,336,256,7.446820295511601,1.8766334963355105
lorenz,ar5_ridge,336,256,11.155124987954075,2.1813011337116883
lorenz,persistence,336,128,8.47616816813499,3.6387151655009236
lorenz,tail_linear,336,128,81.31353254597494,88.15529009403862
lorenz,full_context_linear,336,128,12.609234311945436,8.535805949446324
lorenz,context_mean,336,128,8.389664108742146,1.9091344238037857
lorenz,ar5_ridge,336,128,11.085635248707911,4.467629437570224
lorenz,persistence,336,64,8.47616816813499,3.6387151655009236
lorenz,tail_linear,336,64,81.31353254597494,88.15529009403862
lorenz,full_context_linear,336,64,49.241725646512194,20.984769556882547
lorenz,context_mean,336,64,8.338739349881251,2.396738768424451
lorenz,ar5_ridge,336,64,41.128096303259035,33264.91630676033
lorenz,persistence,336,32,8.47616816813499,3.6387151655009236
lorenz,tail_linear,336,32,81.31353254597494,88.15529009403862
lorenz,full_context_linear,336,32,61.134808978869586,50.30736605980975
lorenz,context_mean,336,32,8.71828865048041,3.1827825703186585
lorenz,ar5_ridge,336,32,63387.063992192256,2.114392079886077e+22
