class,model,horizon,context_len,panda_mae_median
lorenz,baseline_100k,96,512,4.135130348554676
lorenz,baseline_100k,96,256,4.9792463896602035
lorenz,baseline_100k,96,128,7.558079691149873
lorenz,baseline_100k,96,64,7.164834053604308
lorenz,baseline_100k,96,32,6.768674718047141
lorenz,baseline_100k,192,512,5.413434288584348
lorenz,baseline_100k,192,256,6.3881770464188605
lorenz,baseline_100k,192,128,7.409820261567807
lorenz,baseline_100k,192,64,8.633640537041853
lorenz,baseline_100k,192,32,8.019431197066869
lorenz,baseline_100k,336,512,7.339356434248861
lorenz,baseline_100k,336,256,7.093432643897849
lorenz,baseline_100k,336,128,7.930450461143392
lorenz,baseline_100k,336,64,10.254949759427571
lorenz,baseline_100k,336,32,8.744450501190435
lorenz,ablation_100k,96,512,3.0579079314197566
lorenz,ablation_100k,96,256,4.6073589648010405
lorenz,ablation_100k,96,128,7.420654743557057
lorenz,ablation_100k,96,64,8.077042120989924
lorenz,ablation_100k,96,32,6.147720187773742
lorenz,ablation_100k,192,512,5.7797446364355824
lorenz,ablation_100k,192,256,6.385357384250445
lorenz,ablation_100k,192,128,7.512481784872698
lorenz,ablation_100k,192,64,8.461740538226515
lorenz,ablation_100k,192,32,8.213533322717558
lorenz,ablation_100k,336,512,6.589344008392995
lorenz,ablation_100k,336,256,7.571353372630631
lorenz,ablation_100k,336,128,8.685669472223832
lorenz,ablation_100k,336,64,8.926741052336885
lorenz,ablation_100k,336,32,9.081313118800772
rossler,baseline_100k,96,512,1.1408507096110676
rossler,baseline_100k,96,256,1.7402880424185971
rossler,baseline_100k,96,128,2.7906383076310215
rossler,baseline_100k,96,64,3.353792570044178
rossler,baseline_100k,96,32,4.291815786378254
rossler,baseline_100k,192,512,1.6256528611677288
rossler,baseline_100k,192,256,2.542094934914524
rossler,baseline_100k,192,128,3.2545199583710938
rossler,baseline_100k,192,64,3.5700231580390174
rossler,baseline_100k,192,32,4.5541201754177685
rossler,baseline_100k,336,512,2.218441922528857
rossler,baseline_100k,336,256,3.0041457017822997
rossler,baseline_100k,336,128,3.859393515347284
rossler,baseline_100k,336,64,3.7572023711409686
rossler,baseline_100k,336,32,4.152811707147648
rossler,ablation_100k,96,512,0.9965526694007163
rossler,ablation_100k,96,256,1.839137182110453
rossler,ablation_100k,96,128,2.731504652609458
rossler,ablation_100k,96,64,4.109944727336753
rossler,ablation_100k,96,32,4.614179807624689
rossler,ablation_100k,192,512,1.3472358551437225
rossler,ablation_100k,192,256,2.5346129778833486
rossler,ablation_100k,192,128,3.487374829893861
rossler,ablation_100k,192,64,4.18153718076484
rossler,ablation_100k,192,32,4.574295910341044
rossler,ablation_100k,336,512,1.80468601325751
rossler,ablation_100k,336,256,2.8148222349612566
rossler,ablation_100k,336,128,3.9680443660008935
rossler,ablation_100k,336,64,3.7386367693418148
rossler,ablation_100k,336,32,4.025040162141021
sprottb,baseline_100k,96,512,0.5787752536883848
sprottb,baseline_100k,96,256,0.769843474983444
sprottb,baseline_100k,96,128,1.1753381407956782
sprottb,baseline_100k,96,64,1.3753929237685076
sprottb,baseline_100k,96,32,1.5506045388780396
sprottb,baseline_100k,192,512,0.8402247351347796
sprottb,baseline_100k,192,256,1.0702096175641198
sprottb,baseline_100k,192,128,1.0710699522277467
sprottb,baseline_100k,192,64,1.2578301935927703
sprottb,baseline_100k,192,32,1.3469025541014452
sprottb,baseline_100k,336,512,0.9938974282402857
sprottb,baseline_100k,336,256,1.1433861961226879
sprottb,baseline_100k,336,128,1.1297197344037797
sprottb,baseline_100k,336,64,1.2064416929302355
sprottb,baseline_100k,336,32,1.2386780546855822
sprottb,ablation_100k,96,512,0.5082663103594867
sprottb,ablation_100k,96,256,0.7903904211103636
sprottb,ablation_100k,96,128,1.1496039396962403
sprottb,ablation_100k,96,64,1.4815447051272208
sprottb,ablation_100k,96,32,1.490162083256326
sprottb,ablation_100k,192,512,0.6467481538044044
sprottb,ablation_100k,192,256,0.9896584996460308
sprottb,ablation_100k,192,128,1.1195357476831393
sprottb,ablation_100k,192,64,1.2468189970059553
sprottb,ablation_100k,192,32,1.367710837056507
sprottb,ablation_100k,336,512,0.8348563091961814
sprottb,ablation_100k,336,256,1.093805505779509
sprottb,ablation_100k,336,128,1.1405379818883437
sprottb,ablation_100k,336,64,1.198765514789963
sprottb,ablation_100k,336,32,1.2310752098598687
burgers,baseline_100k,96,512,0.001671329839155078
burgers,baseline_100k,96,256,0.0009168765391223133
burgers,baseline_100k,96,128,0.0005197827704250813
burgers,baseline_100k,96,64,0.00042171977111138403
burgers,baseline_100k,96,32,0.0004103586252313107
burgers,baseline_100k,192,512,0.0023432550951838493
burgers,baseline_100k,192,256,0.0008883663103915751
burgers,baseline_100k,192,128,0.0005346235702745616
burgers,baseline_100k,192,64,0.0004885437665507197
burgers,baseline_100k,192,32,0.00047656759852543473
burgers,baseline_100k,336,512,0.0026151705533266068
burgers,baseline_100k,336,256,0.0008687158697284758
burgers,baseline_100k,336,128,0.0006127156084403396
burgers,baseline_100k,336,64,0.000527634285390377
burgers,baseline_100k,336,32,0.0005071642808616161
burgers,ablation_100k,96,512,0.0011244046036154032
burgers,ablation_100k,96,256,0.0005270396359264851
burgers,ablation_100k,96,128,0.00036764977267012
burgers,ablation_100k,96,64,0.00029915638151578605
burgers,ablation_100k,96,32,0.0002723851939663291
burgers,ablation_100k,192,512,0.001651025377213955
burgers,ablation_100k,192,256,0.0006187623948790133
burgers,ablation_100k,192,128,0.0007487564580515027
burgers,ablation_100k,192,64,0.0006032118108123541
burgers,ablation_100k,192,32,0.0005721375346183777
burgers,ablation_100k,336,512,0.001972130499780178
burgers,ablation_100k,336,256,0.0007528330315835774
burgers,ablation_100k,336,128,0.0010714057134464383
burgers,ablation_100k,336,64,0.0009741704561747611
burgers,ablation_100k,336,32,0.0010461090132594109
harmonic,baseline_100k,96,512,0.8328242301940918
harmonic,baseline_100k,96,256,0.7982257604598999
harmonic,baseline_100k,96,128,1.3984935283660889
harmonic,baseline_100k,96,64,2.4822635650634766
harmonic,baseline_100k,96,32,3.6224560737609863
harmonic,baseline_100k,192,512,1.2513806819915771
harmonic,baseline_100k,192,256,1.3597725629806519
harmonic,baseline_100k,192,128,2.037794828414917
harmonic,baseline_100k,192,64,2.650998115539551
harmonic,baseline_100k,192,32,3.734315872192383
harmonic,baseline_100k,336,512,1.569087028503418
harmonic,baseline_100k,336,256,2.088468551635742
harmonic,baseline_100k,336,128,2.6580867767333984
harmonic,baseline_100k,336,64,2.6964855194091797
harmonic,baseline_100k,336,32,4.112942695617676
harmonic,ablation_100k,96,512,0.3920999765396118
harmonic,ablation_100k,96,256,0.9506564140319824
harmonic,ablation_100k,96,128,1.0951234102249146
harmonic,ablation_100k,96,64,3.6399519443511963
harmonic,ablation_100k,96,32,3.729304790496826
harmonic,ablation_100k,192,512,0.8123737573623657
harmonic,ablation_100k,192,256,1.3433128595352173
harmonic,ablation_100k,192,128,1.6637787818908691
harmonic,ablation_100k,192,64,3.402369499206543
harmonic,ablation_100k,192,32,3.5509896278381348
harmonic,ablation_100k,336,512,1.165657639503479
harmonic,ablation_100k,336,256,2.217404365539551
harmonic,ablation_100k,336,128,2.5534591674804688
harmonic,ablation_100k,336,64,3.721437454223633
harmonic,ablation_100k,336,32,3.660590648651123
